transaction_id,customer_id,product,amount,date
ebe18c50-05a9-4fe7-b398-e78bdff26a24,3b589fd3-4986-4dd0-84ab-7205aab550d8,Laptop,1463.15,2024-05-31
d2962bed-432d-4098-bec7-062b8b9166df,068f30e0-fab5-4a36-9990-508a9aa537b3,Laptop,1014.65,2024-09-13
19b2bfa5-1923-4042-a15c-da976eb0c1ac,d822ddfd-cff1-4775-95c6-d2f1a6a14bb8,Laptop,1462.81,2024-04-30
664a584b-fb05-42ff-8d9d-de5a437d4dff,783f1092-12e9-4ebe-bbcc-c7aff30076b5,Laptop,1434.43,2024-07-17
647442a6-4150-4628-b5ba-e3ff7aa9c554,d92417f9-5c02-41fa-9009-dd4a9da1057b,Laptop,693.43,2024-11-25
71f20476-b74c-4d88-a918-1fe6e097d41b,b1981ffd-dff6-46d6-973f-7522f0db0b50,Laptop,614.04,2024-04-12
01e2cd75-9fd3-45a0-94f0-e860229d4063,1963baff-9db6-4214-9fd1-00ddc9c2073c,Laptop,199.57,2024-06-05
9c3509e5-a855-494f-91b7-a0e3eb81aee0,0edd89e8-a8ff-42f7-8d92-f9a2bded166e,Laptop,213.79,2024-06-06
9d7941bc-8ac6-4c8f-bf72-5f3a33bf015e,b1b4d43d-1c06-4ab7-9a39-e78354b5389c,Laptop,1100.79,2024-09-25
0dce805e-015c-4ad7-98d1-b46b8801a563,24bb0288-7834-4f2c-b658-50257479cfd0,Laptop,897.6,2024-01-18
4c7ed575-2dfd-4095-88d6-75780c1c9e61,74a3f659-ca35-44b0-b110-9ac1eefaf5d2,Laptop,747.5,2024-03-28
96deb15c-d544-4fb3-97b9-33ac0cffda51,140553c5-987d-4fc6-818e-9340029c2da9,Laptop,1106.75,2024-05-24
f85e7c31-d31e-4401-a6c0-6e457487384f,9f1f338c-7686-42df-a96d-3947462c1bc4,Laptop,607.87,2024-06-08
2c114a91-7f54-4018-8aef-e3dd56b64df0,9f136c4c-aff6-41ab-b82a-0be51d85d991,Laptop,1193.2,2024-01-25
6c69b5bc-4ba0-41a2-94f4-a361b8d8ed64,ec75aa9f-d33b-45d0-9322-cbc4c544b476,Laptop,336.5,2024-07-20
3f84b5ac-9bcf-41e1-b5cf-a83fbc4f891a,af0f4401-1afc-4450-be14-4d4c0d6ee545,Laptop,625.59,2024-02-20
c90ecc7c-eb76-4e67-aaf4-f5c447b19f2a,0dfb14fa-fc5a-4668-94d0-6c1b8679a2be,Laptop,710.39,2024-04-07
4f791d25-ccfd-48af-a45a-d8f77f5b0987,3fa07119-afdf-4d3d-8d7e-18c93d8734f2,Laptop,87.61,2024-03-11
ec10c12c-289a-410e-9fa1-df05f3e23f51,df2d9388-70cb-4a08-ae39-157a2b291bd4,Laptop,362.77,2024-10-26
95ca9506-6bd8-4d3a-a916-bbdb447406d0,db514b84-790d-4995-b21d-93e5cebf18de,Laptop,150.66,2024-10-29
ae77bc55-0eeb-47e5-b6ef-79f1f33633c8,c1079cbc-b234-4bb5-8cce-86a2d7bf6bb7,Laptop,1412.27,2024-02-02
85693872-89f4-4248-87e8-470991398cd4,2f43d78b-1f1c-441c-bbcf-dc501afe47a5,Laptop,629.59,2024-02-20
09eb58be-1e6b-4895-8bf9-19a39c14cabe,7fe4318a-4303-4c0b-a311-feb13db1efed,Laptop,1133.47,2024-11-16
deff4274-1904-4f57-9052-659033eed572,f3415498-1144-420c-8b2e-a89e23bab086,Laptop,973.39,2024-04-09
ee2ae0fa-7ce0-45c1-a827-7170498639ec,1963baff-9db6-4214-9fd1-00ddc9c2073c,Laptop,390.93,2024-04-29
d0969b7b-f31d-4825-ade0-6c1e178bc395,b7be21d1-829b-49a1-9238-082b7d1c0176,Laptop,737.12,2024-05-11
367659fe-4824-4f5b-9c41-3537b5e48a8c,6f62e778-5447-4778-961b-9ea349d23a7a,Laptop,460.76,2024-04-30
6e699be2-3232-418e-bb96-aa77754b774d,a19dbe41-e325-4951-9b2c-a6e442e5d991,Laptop,1238.11,2024-09-30
82bad7d8-5700-4851-bfc7-a3b96f510939,c3aa5766-f71a-45fb-a378-dc230f2464a1,Laptop,319.74,2024-02-05
5d7050e7-3f43-48ae-b9f4-b6dd1bd9e6d5,493511fa-8d73-4048-b2eb-89bd1801953e,Laptop,1332.49,2024-03-30
143e696e-7da7-4abf-9ebd-da7913d5e01b,9239201f-1794-40db-afe0-b2263bb31665,Laptop,1215.09,2024-09-24
3b385799-f516-4676-8ba0-e220ec0316d3,a8f46cbd-1400-4409-81f0-f35c57d8a3d0,Laptop,1224.02,2024-08-14
78d5b517-9043-40c1-8e8c-cbfeff328e68,d822ddfd-cff1-4775-95c6-d2f1a6a14bb8,Laptop,539.7,2024-08-10
3b5e9ed5-635f-4526-b3ce-f1f0af920a05,d92417f9-5c02-41fa-9009-dd4a9da1057b,Laptop,845.69,2024-01-09
12921424-ca1e-486a-887d-32e9c15f9515,72987c05-7d9b-4c0f-96fa-6e42757a4ad9,Laptop,435.59,2024-08-05
6d2dadee-be56-4d74-8c8b-5ccaae244282,c378615d-d83e-46da-97e5-223837957a8d,Laptop,960.81,2024-01-02
2da63c1c-8630-4fdb-b988-28fcaaa1690d,5560b09b-3776-4f84-ab39-debbe4f8450b,Laptop,1413.64,2024-02-15
86cb79de-48c7-4236-b133-63daea6489a0,f3537b9e-9b23-41be-9f71-396854f11cad,Laptop,655.59,2024-07-27
628673be-c51f-483d-ac2f-004f1329dbe6,5b50e421-9a48-424e-8eaa-532f81f59c40,Laptop,603.38,2024-10-02
b8362719-1349-4cef-957d-ef981535720a,94317abf-fb74-4a5c-9386-985b080a11ed,Laptop,1392.21,2024-11-13
da980d73-a93b-4183-ad9f-49620c9483ba,4c62c591-4787-40cf-8ed2-180a28327898,Laptop,20.55,2024-10-22
93bd8633-e94b-442a-9f38-a6db690d28c4,31cbaa0d-95c2-4fdb-92c7-692d5ad10a57,Laptop,950.55,2024-04-06
91f01a0a-392b-423d-85cd-b843d7c35072,193a7226-75fd-4316-b0b7-79f3a9c871ac,Laptop,1092.86,2024-10-04
4679276a-849a-484f-bde6-3afa9dffd9b8,863afc43-d417-45c6-852e-8f5ac00a4c9c,Laptop,1132.99,2024-05-07
e153e814-765a-4c5a-a70a-ab60295ce62c,aa568958-24c5-4441-b3d7-011b256c72b0,Laptop,424.49,2024-09-14
357451ad-15a4-4d79-be86-c727d8de4c1b,74a3f659-ca35-44b0-b110-9ac1eefaf5d2,Laptop,516.45,2024-09-25
a95039d7-e013-4f64-ab1d-874e246896f6,ae4aba19-3b8e-4e03-a1d9-d511429e264c,Laptop,719.73,2024-01-06
7cb0785b-02ce-44e9-b51c-5422460aeba1,4357b286-1cd6-416b-abc8-cc7968f16df6,Laptop,1045.55,2024-01-28
a6daf100-cda0-4ebc-8b8a-8a0711d49e5c,9e1fc3d0-65f2-48cb-a9e1-775c34a9d409,Laptop,114.9,2024-02-27
d09d3583-4596-43d5-9920-fa02a9a183fc,179b2798-a3e4-420e-a810-59ed1ff4e539,Laptop,650.69,2024-02-11
08601dc2-6d32-4d90-b7e7-ebacb8cd70a1,193a7226-75fd-4316-b0b7-79f3a9c871ac,Laptop,1107.87,2024-04-05
1ef88baa-49eb-4deb-8deb-17416a272126,c3aa5766-f71a-45fb-a378-dc230f2464a1,Laptop,372.07,2024-04-25
f8898afb-7781-492b-8a72-a44e04c5b505,f0189d40-49f4-4d39-8fc9-fbf74344bc9f,Laptop,1464.57,2024-10-13
7f5349af-2dea-4fd5-b28f-d9fd47dc2516,b96b5b0c-cd34-411d-b4fc-917fceb496f4,Laptop,608.03,2024-06-02
a9f72561-7053-4f1a-8517-1a3afb0edc3f,df2d9388-70cb-4a08-ae39-157a2b291bd4,Laptop,1008.85,2024-09-06
64088800-c863-4894-a04e-3a25c1bbec29,2a6201e8-754f-44cf-b43e-c6e8a2791913,Laptop,935.49,2024-09-07
34e79c53-7052-4f6a-b718-76d2b42bedd1,98b5680d-e108-4b36-bce9-a6304ddfda97,Laptop,1242.24,2024-05-12
f519870c-218a-4845-a983-2db0d672260f,f0189d40-49f4-4d39-8fc9-fbf74344bc9f,Laptop,736.75,2024-10-22
dc3649ef-b633-41af-984a-edd5cbf3339f,b1b4d43d-1c06-4ab7-9a39-e78354b5389c,Laptop,278.22,2024-08-05
08381cc4-778f-4fa3-a1a3-5462d3e0f7ec,2a6201e8-754f-44cf-b43e-c6e8a2791913,Laptop,1292.56,2024-08-21
552c1f96-bd16-45b4-bc14-e0e3f84af04a,796cc5f3-2dd8-4a93-bcd5-67b13f3598a5,Laptop,991.66,2024-06-24
32f73dd1-0f27-4c88-9b88-df37485e9c8b,33ec9d50-608f-45b5-9524-137610b71e2f,Laptop,1288.59,2024-07-17
2009acaa-aab1-4ca6-bec1-d379422ccede,24d08a73-303d-4c1a-892f-78250d517c7f,Laptop,378.06,2024-10-12
01e3619a-3c67-4972-b93d-02ebda21121d,797269fc-fb11-4c30-83d0-6d9ca85140af,Laptop,190.47,2024-04-02
5b955312-7c7d-456b-8577-f4135eb39b99,3684cd30-1115-4634-8bb1-e69122a0f4fc,Laptop,1101.52,2024-02-07
9a70325d-4f96-4184-8e50-68da38cbbdc0,358327cc-ecd3-45d6-b6bf-7f238e81a13b,Laptop,379.32,2024-03-03
58bcf27f-4163-4413-93fb-e35a01a4f4e5,5d8c4485-2a4b-428e-bb81-eaf25014961b,Laptop,1267.19,2024-01-02
d3097852-f360-456f-8a4a-e8bb1309f56c,796cc5f3-2dd8-4a93-bcd5-67b13f3598a5,Laptop,383.36,2024-08-12
71e0ac41-7393-4044-a456-b1124772a485,b96b5b0c-cd34-411d-b4fc-917fceb496f4,Laptop,877.8,2024-11-10
dce156e9-0ee5-454a-bfaf-7f7984b7159e,37c3abf1-a861-4c05-a367-aad1dd02ae26,Laptop,205.26,2024-09-18
0e81ce28-c4bd-4983-9993-6b0aef399353,a8f46cbd-1400-4409-81f0-f35c57d8a3d0,Laptop,68.14,2024-10-05
90c30e35-e2dd-4455-9b79-d5dccda00993,f3537b9e-9b23-41be-9f71-396854f11cad,Laptop,59.78,2024-09-06
962e6b58-37d5-44b9-ab69-29ce5227c84e,0edd89e8-a8ff-42f7-8d92-f9a2bded166e,Laptop,1259.59,2024-04-21
db402ccc-df95-4590-9ca6-34a9ff15427b,c3aa5766-f71a-45fb-a378-dc230f2464a1,Laptop,971.2,2024-05-10
24624787-7765-4647-9357-7c4e78e6723d,796cc5f3-2dd8-4a93-bcd5-67b13f3598a5,Laptop,55.79,2024-04-10
f62bd864-4ab2-4aaa-a29e-54fe8ca32d76,0dfb14fa-fc5a-4668-94d0-6c1b8679a2be,Laptop,1281.82,2024-06-19
5c856eee-f2c7-441d-991b-d26b87a5ef2a,d8b9a0f4-45a3-448d-9bfc-870fb189b683,Laptop,252.51,2024-07-18
723dd816-3c8c-49f5-8382-a2cd3991af2c,52546a10-8142-4148-9c0d-9ecf30d5e6ab,Laptop,455.43,2024-02-11
41461b2f-2172-4aaa-ba45-68bd5b7a072b,85d0ffd9-fbbd-4028-b913-22492f8c6155,Laptop,1389.28,2024-03-12
a33976f0-d60a-4bfd-b48d-72f41786147b,74dbe715-dc5f-4658-add8-efb2878e012a,Laptop,608.8,2024-09-18
fabb5120-2c11-4b76-8374-e2e173a50a01,3b589fd3-4986-4dd0-84ab-7205aab550d8,Laptop,831.13,2024-01-22
c7d47d62-3420-48dd-b869-1c2f3de221e7,dd926144-af41-496b-a73e-aff94db2a292,Laptop,738.93,2024-06-18
7dcb5963-2f2f-4782-a46e-7324e29f7bdf,3fa07119-afdf-4d3d-8d7e-18c93d8734f2,Laptop,1157.27,2024-06-17
8ba51c95-c7d7-46c4-a885-da8a2643c8fb,2f43d78b-1f1c-441c-bbcf-dc501afe47a5,Laptop,30.98,2024-02-10
83a75a3c-5260-48e8-b1e3-f5ca4601d66f,b7051243-0292-4b99-b800-3f4b2eef41ef,Laptop,1288.72,2024-10-13
f050d36f-2ed1-41f9-a266-cdb80f31dd9e,b2481ba0-517f-403b-94a3-60376f9f17a1,Laptop,51.43,2024-11-11
1d8b4bae-8bfd-4477-a4f0-195345f46fff,9e1fc3d0-65f2-48cb-a9e1-775c34a9d409,Laptop,343.94,2024-01-20
2d2255c9-6121-4933-8aa1-ef00a24bf883,967c2b8b-9242-4d95-83b2-3a344140dd64,Laptop,1132.39,2024-11-10
90e51040-60a0-460a-b4a5-e46750ac802a,7fe4318a-4303-4c0b-a311-feb13db1efed,Laptop,403.24,2024-08-09
74ad4bff-085c-4d22-8399-ad21e7d61a6a,cff271b0-cb3b-4011-96bb-85d0310ccbdc,Laptop,903.37,2024-07-13
93d66f78-9a12-4de3-874c-e62df1b5860d,6c1220c2-3c16-4d23-817b-64214ddb6663,Laptop,585.15,2024-11-17
820a0950-bbfe-47d0-85bc-9a971572a401,97a3bf0b-7471-4d37-a2e1-81a00b67db95,Laptop,1071.28,2024-09-06
f6c5c41f-93f2-40f4-a10c-c3462833e8f5,24bb0288-7834-4f2c-b658-50257479cfd0,Laptop,369.85,2024-03-08
ccea62e1-d933-46fe-ba04-f4d4fc922c4a,b7be21d1-829b-49a1-9238-082b7d1c0176,Laptop,738.35,2024-08-13
96ab90fc-56b6-4e87-aff9-711f8233c36b,358327cc-ecd3-45d6-b6bf-7f238e81a13b,Laptop,597.45,2024-01-29
c94f2997-d4f0-4060-8c3d-63da3816a9ae,270c15d9-7ef6-49c7-ab34-a6dd68a09813,Laptop,117.32,2024-05-17
377e8316-8549-4ca5-8c4e-c9e0e5e6af0a,652c54dd-b873-4831-8f19-9fae81131359,Laptop,109.38,2024-08-12
a2ca8706-a0dd-4c43-88b8-609e5e6d7bb5,0d0679fa-0a37-4431-ae76-1209190e1e17,Laptop,66.83,2024-01-22
deb2a73b-3c76-4cbf-99af-a2acfe3f204d,179b2798-a3e4-420e-a810-59ed1ff4e539,Laptop,1435.79,2024-03-06
af36bbd3-d765-46df-86a1-1064331584dc,034be3fa-1e7b-4fe2-9f66-aa935a344a1a,Laptop,1425.5,2024-01-22
70ebe087-7ad9-4a85-8a0c-6b98dc52ff59,a8f46cbd-1400-4409-81f0-f35c57d8a3d0,Laptop,1480.44,2024-05-14
257fdf6e-d13a-4b02-bc74-c24194cb9121,cadfb7bc-f943-432d-92e1-47059131bb60,Laptop,319.15,2024-07-22
ab004071-211d-480c-b80b-ba59f6e7c9ee,24727bde-e5d1-4c47-9752-2f419d91878a,Laptop,35.44,2024-07-16
4b057080-328d-42cc-b04f-27e614510fb1,2ecfc8ab-96a6-474f-a420-6af195a2afdb,Laptop,1392.56,2024-09-10
02a8cb7b-b49a-4625-ba86-a333bf29f796,4e296ad6-448f-4eca-b922-716373724c64,Laptop,548.36,2024-01-03
43264e48-faa9-4ee5-8757-93981902ef47,9f136c4c-aff6-41ab-b82a-0be51d85d991,Laptop,127.74,2024-02-14
c1543656-4896-418b-80f9-deca6d5ea841,efbcfdfd-2e8d-4f2e-ae1b-343cefae8289,Laptop,1231.57,2024-04-18
31c39e6e-e850-4623-9a4d-ca8a4e7d7388,d106b6da-4936-4ab4-aebc-99d46f549d44,Laptop,1150.86,2024-04-19
416972f5-9df0-4913-a502-34f5a2dcba78,12f128b0-fde3-4f4a-b236-5312e958c874,Laptop,1193.5,2024-04-27
e4b29246-4fe9-41a4-a8ef-6a9efeebe957,2bc6396c-1302-43fe-9cde-a96bb2d3e8cf,Laptop,892.52,2024-03-02
0e80034d-7855-4dbc-9bdb-d48a4dfc3088,3b589fd3-4986-4dd0-84ab-7205aab550d8,Laptop,1386.87,2024-11-05
8b6e2433-6648-4a71-ab98-a0abfd2edb0e,de373093-b0cc-45d4-aaf4-0669400eaeef,Laptop,589.74,2024-03-27
d5efcca5-4469-491e-aea1-60e88409e102,aa568958-24c5-4441-b3d7-011b256c72b0,Laptop,233.53,2024-07-28
a74b6580-6bf6-4985-8ebe-bdd0274fac6e,0d0679fa-0a37-4431-ae76-1209190e1e17,Laptop,371.33,2024-02-17
c0022c85-ee51-4c2b-8080-5f082122689a,12f128b0-fde3-4f4a-b236-5312e958c874,Laptop,372.2,2024-04-12
d68e4fd2-7827-4097-9b3f-883e6782eafa,d822ddfd-cff1-4775-95c6-d2f1a6a14bb8,Laptop,1483.65,2024-07-26
f9aa7a19-98f1-457a-95af-081234f6335a,72012cb4-9fa7-486e-be1f-5811a0b2646a,Laptop,976.45,2024-08-21
c659fe07-224d-4889-aab7-512aee292c64,b1b4d43d-1c06-4ab7-9a39-e78354b5389c,Laptop,951.67,2024-04-27
1dc6f428-c5af-4ddb-9416-a0bb71d1fdae,d06e3744-6ad4-4d16-9d30-0dc55814cc1c,Laptop,84.3,2024-02-29
d32113a6-7105-4681-ab79-5c0396e10eb5,2ecfc8ab-96a6-474f-a420-6af195a2afdb,Laptop,1295.94,2024-02-25
77c967ee-9d57-4abd-9c27-bfc88c3125f5,179b2798-a3e4-420e-a810-59ed1ff4e539,Laptop,381.28,2024-04-16
59a7ba98-885b-49df-aac8-95932e81e5a0,0d47cf4e-0e88-41a7-8a13-686ee8f75ee1,Laptop,625.69,2024-11-17
ea137bbd-ac17-4420-a999-c7c7e5cb35ae,1f552a08-1971-4ca1-a9c3-e73f450d1572,Laptop,846.5,2024-06-02
bb00f9cc-561b-4313-b7cf-a9d2e76e7cd2,0d47cf4e-0e88-41a7-8a13-686ee8f75ee1,Laptop,220.63,2024-05-04
b299902d-3c1a-4e79-9c32-9bfcf791fffd,a3cce44a-b5ed-4561-8c47-5685373747e9,Laptop,1191.7,2024-11-09
a5b39ca4-8fb7-4e53-a9d5-a06406824852,d92417f9-5c02-41fa-9009-dd4a9da1057b,Laptop,726.09,2024-05-26
36e1ecba-ed48-472b-a293-bc7a5cf276fa,dce9f6fc-ad64-4f26-8ab4-3625adfd2afb,Laptop,678.19,2024-07-03
c1b3bad1-6fe2-467b-ab09-3eae10bcd347,652c54dd-b873-4831-8f19-9fae81131359,Laptop,101.59,2024-01-30
8e764c36-e214-418b-893f-27711d426577,b0d07e86-fb3e-4313-bbe5-97f943b5d594,Laptop,341.26,2024-05-30
2a0fdad4-4158-41d0-a1c3-4e97f317e2cd,44d9df83-c9ab-414d-b9d5-0fa3373d569a,Laptop,1232.54,2024-04-26
09fb86ad-0dae-40c3-878d-10bbe350a765,33ec9d50-608f-45b5-9524-137610b71e2f,Laptop,1489.16,2024-08-06
ab674818-13aa-4363-a0be-bb7481201d86,1d6063d5-9148-42d3-b0c3-626d7da3e424,Laptop,1049.3,2024-05-22
7b60fa27-8167-4a8c-946b-a3cb3b87102f,8050f693-adbb-493d-b977-b0dbc02278d1,Laptop,1154.1,2024-04-05
600b4b63-0575-4769-9b65-9e1c8b3a3ddf,b7be21d1-829b-49a1-9238-082b7d1c0176,Laptop,825.51,2024-08-09
3639437d-3f64-4de5-9c64-e9d10ea16c5a,d8b9a0f4-45a3-448d-9bfc-870fb189b683,Laptop,269.99,2024-09-15
d9ffe263-7410-4bbc-9759-a97d918bce8e,3c7a4837-8d02-46a4-8236-ea0f3924d2b5,Laptop,1231.49,2024-02-13
8b0cd343-9cc2-434b-a44b-d6108ed38355,fdadf18f-6e21-45cc-9f20-385af320c5e3,Laptop,548.88,2024-09-21
f12fadb7-3cde-4fb7-a71c-212c58900bd5,db514b84-790d-4995-b21d-93e5cebf18de,Laptop,911.9,2024-10-12
38865ee4-a093-4f22-a511-67f3cc7a98d7,52546a10-8142-4148-9c0d-9ecf30d5e6ab,Laptop,1300.34,2024-10-28
dc018bd1-c74b-4432-8ece-c1ebe9f2959f,5560b09b-3776-4f84-ab39-debbe4f8450b,Laptop,829.79,2024-04-14
b8260e4f-958a-405d-97a0-99c1e5cdf4d9,2ecfc8ab-96a6-474f-a420-6af195a2afdb,Laptop,32.99,2024-09-30
0e175b33-4a75-47f6-8e5b-3e25b3822bbb,8033e1d1-bee5-4915-954a-f2ee533d5071,Laptop,516.2,2024-09-20
752b9409-2c24-43c2-bb59-8ea82a6a714c,94317abf-fb74-4a5c-9386-985b080a11ed,Laptop,323.24,2024-09-20
c27f90bb-28f0-4953-a629-572300551d33,cff271b0-cb3b-4011-96bb-85d0310ccbdc,Laptop,610.43,2024-05-19
2a59c2ef-6af3-44e0-93a4-bc8a4c3498c7,f2404dda-ee00-4884-b27d-ddc2627f5d26,Laptop,325.69,2024-08-27
3d2bb3ea-0bb0-40c6-93f6-a385382f9f4b,b9af0282-4ff7-4822-9b73-b409b6736785,Laptop,747.12,2024-02-24
1a2c3345-2747-4fbb-aafe-659e69e269bc,9b9eaa70-a325-44fa-8fe6-6ce0a256589d,Laptop,662.39,2024-02-10
4207b43a-226e-420a-a9df-25ca712344df,958f5ae1-a61e-4bdb-b482-f48218f2464c,Laptop,496.19,2024-01-31
c9e3e2a2-d11e-415a-9b46-30d0bdb08c2f,85334ef5-4c2c-4bc7-80ea-ad2f0bf28694,Laptop,778.7,2024-03-11
4f90ea47-7981-40e8-86e9-ca1133ff8485,3db59f8c-fad6-439e-bb3b-ac9c2aed6963,Laptop,321.46,2024-09-16
ca28c643-f991-4894-bda4-213bf85eb87f,d822ddfd-cff1-4775-95c6-d2f1a6a14bb8,Laptop,469.83,2024-05-11
59de9c40-678e-4f41-b23a-c53247028de2,0deda1e0-40f8-4f0c-9b00-ba66628eb7f8,Laptop,1287.33,2024-03-10
c62895cd-ab12-4ce9-ac71-1359f37edbc2,94317abf-fb74-4a5c-9386-985b080a11ed,Laptop,1274.84,2024-11-26
3b48c019-2eea-48b4-8ad9-6d0c561c8650,8033e1d1-bee5-4915-954a-f2ee533d5071,Laptop,1190.19,2024-01-09
cc20788e-3454-4708-a845-8de7c200d2ef,9239201f-1794-40db-afe0-b2263bb31665,Laptop,173.57,2024-09-08
0cd7347c-cc2b-49ad-9d2a-4d238b555fe2,2ecfc8ab-96a6-474f-a420-6af195a2afdb,Laptop,719.86,2024-11-16
7bb0b1de-9b9e-4708-96cf-36db2f8be099,9f1f338c-7686-42df-a96d-3947462c1bc4,Laptop,968.77,2024-10-10
cb0eae0b-5671-4452-bcbe-900d8b8313d1,62a62068-84f1-4b5b-b3f8-1c0c8b92824b,Laptop,848.78,2024-03-29
15e5060b-68b8-48cc-a5c3-88b851e382e7,797269fc-fb11-4c30-83d0-6d9ca85140af,Laptop,762.82,2024-03-01
ce406a36-117c-48bd-a405-67b0c95e5426,622768a3-0d78-46d1-aff1-711540a328a9,Laptop,879.42,2024-05-22
cf6240a0-7961-4d37-92c3-d1f056e52213,72987c05-7d9b-4c0f-96fa-6e42757a4ad9,Laptop,1374.79,2024-03-11
438063c7-0ca5-4a5e-87f2-5a9dfb9c78d6,4c074b86-ab4c-4fac-8f37-78cb7fad5802,Laptop,443.97,2024-07-29
16c6d504-ec3a-46ed-aa23-50a5ee72d5fe,193a7226-75fd-4316-b0b7-79f3a9c871ac,Laptop,1000.38,2024-06-28
edb88f51-c1b6-4801-bfc3-e19acf773ff9,5d8c4485-2a4b-428e-bb81-eaf25014961b,Laptop,833.7,2024-10-14
017e7284-2ebb-4256-b906-816aa63e6f29,2a1c784a-9bfa-4eb2-a974-1b5c39a08574,Laptop,504.52,2024-07-22
211e434f-3e5d-4f25-896a-ec045bc09ca8,5d871491-b386-4137-93c3-8703b1da9145,Laptop,732.4,2024-10-08
85aff45b-52ed-4034-9e2b-38fb51c42a7e,75db93c8-5316-463b-afa7-9247b9c9d6ad,Laptop,109.42,2024-01-21
1281c324-e12a-4cee-af5f-892e59630faf,ae4aba19-3b8e-4e03-a1d9-d511429e264c,Laptop,338.37,2024-11-04
0a4b5bc9-c464-4f5c-9782-44bf8e438978,ae4aba19-3b8e-4e03-a1d9-d511429e264c,Laptop,995.39,2024-07-09
cfb7aec3-027a-4361-99f6-071e8aa07f91,647bc9f6-b9df-4418-a9da-aea44b7fbe81,Laptop,760.86,2024-08-30
df45bf5b-8285-49cc-8a93-c2f3e20f4f4d,32ba9a04-8cc8-4f33-baf9-bd6fa5bae60e,Laptop,511.87,2024-07-27
3b03d568-f14c-4b22-9163-254be7e4725c,f0189d40-49f4-4d39-8fc9-fbf74344bc9f,Laptop,765.48,2024-05-25
b17c8f8d-592b-4e07-906b-0874385f6a85,b7be21d1-829b-49a1-9238-082b7d1c0176,Laptop,530.69,2024-09-06
98cd6bd4-6a22-436f-8f95-9251e81bf2a2,72012cb4-9fa7-486e-be1f-5811a0b2646a,Laptop,1492.75,2024-07-31
ef171d1a-4666-4242-a711-1cd14e76c3d5,b8a38f49-044e-4a9b-8b1b-0097476ce2e3,Laptop,988.9,2024-09-19
5fc43e18-1c3b-4aba-9876-3a66cb137681,24d08a73-303d-4c1a-892f-78250d517c7f,Laptop,527.63,2024-02-12
8587431a-da9e-47d6-9725-2b3ae71c3cd4,1852ec9e-aa49-4973-b63a-758370498bd5,Laptop,1023.34,2024-11-20
27ef5910-aba0-4a2e-80cb-42b5158191e4,8537bc07-82a9-4526-b232-d02e08f33c36,Laptop,1347.45,2024-08-29
86b16321-ff1d-43dc-8de4-bccb131c243a,8033e1d1-bee5-4915-954a-f2ee533d5071,Laptop,1284.58,2024-07-06
4812a555-c7c2-47a6-adc1-cab334e781e7,0d47cf4e-0e88-41a7-8a13-686ee8f75ee1,Laptop,732.84,2024-01-16
2d69ed86-e8f4-4f90-af3d-cbd10c862268,d4b5bb62-e35a-46df-b28d-6b4728888a34,Laptop,1279.84,2024-11-08
49f7c0be-6eed-4e10-98cb-92c162f1952f,8bd2683f-c6ce-47a5-8b31-893594a14fd5,Laptop,1322.48,2024-09-22
8fe14996-8526-4a3e-99bf-77bd002a9e3b,d868ff80-bfea-4b98-b4a1-6ee6de7c4951,Laptop,787.33,2024-07-27
dc79fa1e-ac03-4160-a5b0-47598d510170,652c54dd-b873-4831-8f19-9fae81131359,Laptop,379.14,2024-06-01
64032797-6891-480f-9251-1fc1a3fc6c25,054fde3a-6f42-4fb9-a399-d733434d18b7,Laptop,148.46,2024-08-18
9708ced8-69ae-4ed1-8317-e84a7b30f6f8,6c2799ec-dadb-4b10-ac31-f59c04c251d7,Laptop,1461.4,2024-09-18
5e67c0ad-e605-4d8a-af52-02017a155e90,0410a7b1-df0e-4e37-a686-62369878b2a1,Laptop,1409.32,2024-03-27
998ee333-f30d-4fac-b12a-7abfa5ce991a,f44269c8-2114-47bf-b8a2-44618e15fcfb,Laptop,1372.08,2024-02-03
955ea74c-af98-4f82-ac2b-e1cc3a308d5a,fdceaece-cdf0-4b18-9eb0-8a53e125aa95,Laptop,1021.62,2024-01-25
910ce282-a68b-4f2c-bf62-592c59f7c85c,2ecfc8ab-96a6-474f-a420-6af195a2afdb,Laptop,520.53,2024-02-12
5a55ca08-4027-4308-aedf-71b1240af5df,d106b6da-4936-4ab4-aebc-99d46f549d44,Laptop,1450.53,2024-09-22
24c79d13-f586-44ba-b4b8-8694d3f52eab,a19dbe41-e325-4951-9b2c-a6e442e5d991,Laptop,475.16,2024-11-03
34da0dcb-898f-488c-9caa-f67e5d5f0003,75db93c8-5316-463b-afa7-9247b9c9d6ad,Laptop,990.2,2024-05-18
4e413abf-95f4-45c4-9cee-dc7e3af97350,1699f9fd-83a8-4a3d-8b4f-a9be10264131,Laptop,1365.42,2024-04-02
deea3852-0728-48f2-9c4a-49141617fda3,5d871491-b386-4137-93c3-8703b1da9145,Laptop,127.54,2024-08-28
7a20a419-fcd7-47ca-a4be-8c5a3b402ddb,4e296ad6-448f-4eca-b922-716373724c64,Laptop,1315.92,2024-01-13
ffff6314-0662-42e7-930b-f89477d17b35,622768a3-0d78-46d1-aff1-711540a328a9,Laptop,873.9,2024-01-20
e5a13802-bef9-44a3-bd7e-93cf410d1bcb,f0189d40-49f4-4d39-8fc9-fbf74344bc9f,Laptop,1300.95,2024-10-04
5baf0eaf-8819-4a8c-8b8b-4a64051b1418,7109ada3-b4e4-4756-ad4e-209a9017bbce,Laptop,1014.39,2024-02-28
f70a03dd-33ce-40ce-9488-893b59310089,cc8ca180-d830-423b-add2-a7f82ddc6011,Laptop,487.12,2024-04-12
9952557b-a407-4f10-bde5-61cffe0c00a4,c3aa5766-f71a-45fb-a378-dc230f2464a1,Laptop,861.07,2024-11-07
1bcf32c0-c76f-4b4d-89ff-53336e2ce3a6,358327cc-ecd3-45d6-b6bf-7f238e81a13b,Laptop,1444.44,2024-11-01
06dc20e2-da44-4de1-8c0e-edc87a491941,dd926144-af41-496b-a73e-aff94db2a292,Laptop,1172.13,2024-02-06
706afe40-dbfb-46af-afb1-3169389c5a6e,d822ddfd-cff1-4775-95c6-d2f1a6a14bb8,Laptop,834.92,2024-09-07
f05456dd-e3cd-4609-b639-c7b6c5fa8a44,cff271b0-cb3b-4011-96bb-85d0310ccbdc,Laptop,1255.32,2024-03-02
39d5754c-da2e-43f7-b7be-08419b0fb3e3,5a9130f9-1532-4c02-910f-cf7d907a8a74,Laptop,158.11,2024-10-09
4a1d6f23-921d-4f8e-89b6-981a912a8024,2a1c784a-9bfa-4eb2-a974-1b5c39a08574,Laptop,1024.95,2024-09-01
79d6596c-1d8b-4703-9a36-bb8f94c9e104,5ffa473d-119f-40bf-b5c3-d81a33aa3eef,Laptop,379.1,2024-05-15
